                  epoch,         train/box_loss,         train/cls_loss,         train/dfl_loss,   metrics/precision(B),      metrics/recall(B),       metrics/mAP50(B),    metrics/mAP50-95(B),           val/box_loss,           val/cls_loss,           val/dfl_loss,                 lr/pg0,                 lr/pg1,                 lr/pg2
                      0,                0.34878,                 1.9318,                 1.0863,                0.58454,                0.65501,                0.66444,                0.65089,                0.30403,                 1.1737,                0.74864,             0.00010761,             0.00010761,             0.00010761
                      1,                0.18765,                0.86081,                0.95204,                0.73917,                0.65623,                0.74726,                0.73517,                 0.2202,                0.86788,                0.61704,             0.00010871,             0.00010871,             0.00010871
